<file version_major="1" version_minor="6" version_revision="2" type_id="0" env_type_id="0">
    <infos modified="Fri Feb 25 18:57:51 2011" user="Andrew Hankinson" os="Mac OS X (Darwin 10.6.0 i386)" type="Aruspix file" environment="Rec" />
    <impage original_width="1862" original_height="3000" rotated_width="1866" rotated_height="3003" x1="58" skew="0.062500" resized="1.041667" x2="1476" y1="53" width="1418" height="2406" line_width="3" space_width="27" staff_height="0" num_staff_lines="4">
        <staff y="2206" x1="0" x2="0" lyricBaseline="-1" lyricTopline="-1" lyricCentre="-1" />
        <staff y="1958" x1="0" x2="0" lyricBaseline="-1" lyricTopline="-1" lyricCentre="-1" />
        <staff y="1746" x1="0" x2="0" lyricBaseline="-1" lyricTopline="-1" lyricCentre="-1" />
        <staff y="1522" x1="0" x2="0" lyricBaseline="-1" lyricTopline="-1" lyricCentre="-1" />
        <staff y="1266" x1="0" x2="0" lyricBaseline="-1" lyricTopline="-1" lyricCentre="-1" />
        <staff y="966" x1="0" x2="0" lyricBaseline="-1" lyricTopline="-1" lyricCentre="-1" />
        <staff y="922" x1="0" x2="0" lyricBaseline="-1" lyricTopline="-1" lyricCentre="-1" />
        <staff y="878" x1="0" x2="0" lyricBaseline="-1" lyricTopline="-1" lyricCentre="-1" />
        <staff y="786" x1="0" x2="0" lyricBaseline="-1" lyricTopline="-1" lyricCentre="-1" />
        <staff y="678" x1="0" x2="0" lyricBaseline="-1" lyricTopline="-1" lyricCentre="-1" />
        <staff y="238" x1="0" x2="0" lyricBaseline="-1" lyricTopline="-1" lyricCentre="-1" />
        <staff y="170" x1="0" x2="0" lyricBaseline="-1" lyricTopline="-1" lyricCentre="-1" />
    </impage>
    <binarization pre_image_binarization_method="2" pre_page_binarization_method="0" pre_page_binarization_method_size="15" />
</file>
