<file version_major="1" version_minor="6" version_revision="2" type_id="0" env_type_id="0">
    <infos modified="Fri Feb 25 18:57:55 2011" user="Andrew Hankinson" os="Mac OS X (Darwin 10.6.0 i386)" type="Aruspix file" environment="Rec" />
    <impage original_width="1851" original_height="3000" rotated_width="1855" rotated_height="3003" x1="154" skew="0.062500" resized="1.052632" x2="1584" y1="44" width="1430" height="2390" line_width="4" space_width="25" staff_height="0" num_staff_lines="4">
        <staff y="2190" x1="0" x2="0" lyricBaseline="-1" lyricTopline="-1" lyricCentre="-1" />
        <staff y="1942" x1="0" x2="0" lyricBaseline="-1" lyricTopline="-1" lyricCentre="-1" />
        <staff y="1714" x1="0" x2="0" lyricBaseline="-1" lyricTopline="-1" lyricCentre="-1" />
        <staff y="1494" x1="0" x2="0" lyricBaseline="-1" lyricTopline="-1" lyricCentre="-1" />
        <staff y="1282" x1="0" x2="0" lyricBaseline="-1" lyricTopline="-1" lyricCentre="-1" />
        <staff y="1074" x1="0" x2="0" lyricBaseline="-1" lyricTopline="-1" lyricCentre="-1" />
        <staff y="866" x1="0" x2="0" lyricBaseline="-1" lyricTopline="-1" lyricCentre="-1" />
        <staff y="538" x1="0" x2="0" lyricBaseline="-1" lyricTopline="-1" lyricCentre="-1" />
        <staff y="490" x1="0" x2="0" lyricBaseline="-1" lyricTopline="-1" lyricCentre="-1" />
        <staff y="210" x1="0" x2="0" lyricBaseline="-1" lyricTopline="-1" lyricCentre="-1" />
        <staff y="170" x1="0" x2="0" lyricBaseline="-1" lyricTopline="-1" lyricCentre="-1" />
    </impage>
    <binarization pre_image_binarization_method="2" pre_page_binarization_method="0" pre_page_binarization_method_size="15" />
</file>
