<file version_major="1" version_minor="6" version_revision="2" type_id="0" env_type_id="0">
    <infos modified="Fri Feb 25 18:58:00 2011" user="Andrew Hankinson" os="Mac OS X (Darwin 10.6.0 i386)" type="Aruspix file" environment="Rec" />
    <impage original_width="1858" original_height="3000" rotated_width="1865" rotated_height="3005" x1="42" skew="0.125000" resized="1.041667" x2="1460" y1="55" width="1418" height="2450" line_width="3" space_width="27" staff_height="0" num_staff_lines="4">
        <staff y="2250" x1="0" x2="0" lyricBaseline="-1" lyricTopline="-1" lyricCentre="-1" />
        <staff y="2154" x1="0" x2="0" lyricBaseline="-1" lyricTopline="-1" lyricCentre="-1" />
        <staff y="2062" x1="0" x2="0" lyricBaseline="-1" lyricTopline="-1" lyricCentre="-1" />
        <staff y="2018" x1="0" x2="0" lyricBaseline="-1" lyricTopline="-1" lyricCentre="-1" />
        <staff y="1970" x1="0" x2="0" lyricBaseline="-1" lyricTopline="-1" lyricCentre="-1" />
        <staff y="1710" x1="0" x2="0" lyricBaseline="-1" lyricTopline="-1" lyricCentre="-1" />
        <staff y="1486" x1="0" x2="0" lyricBaseline="-1" lyricTopline="-1" lyricCentre="-1" />
        <staff y="1250" x1="0" x2="0" lyricBaseline="-1" lyricTopline="-1" lyricCentre="-1" />
        <staff y="1034" x1="0" x2="0" lyricBaseline="-1" lyricTopline="-1" lyricCentre="-1" />
        <staff y="782" x1="0" x2="0" lyricBaseline="-1" lyricTopline="-1" lyricCentre="-1" />
        <staff y="586" x1="0" x2="0" lyricBaseline="-1" lyricTopline="-1" lyricCentre="-1" />
        <staff y="370" x1="0" x2="0" lyricBaseline="-1" lyricTopline="-1" lyricCentre="-1" />
        <staff y="170" x1="0" x2="0" lyricBaseline="-1" lyricTopline="-1" lyricCentre="-1" />
    </impage>
    <binarization pre_image_binarization_method="2" pre_page_binarization_method="0" pre_page_binarization_method_size="15" />
</file>
