<file version_major="1" version_minor="6" version_revision="2" type_id="0" env_type_id="0">
    <infos modified="Fri Feb 25 18:58:09 2011" user="Andrew Hankinson" os="Mac OS X (Darwin 10.6.0 i386)" type="Aruspix file" environment="Rec" />
    <impage original_width="1874" original_height="3000" rotated_width="1878" rotated_height="3003" x1="166" skew="0.062500" resized="1.052632" x2="1592" y1="52" width="1426" height="2426" line_width="4" space_width="25" staff_height="0" num_staff_lines="4">
        <staff y="2226" x1="0" x2="0" lyricBaseline="-1" lyricTopline="-1" lyricCentre="-1" />
        <staff y="1998" x1="0" x2="0" lyricBaseline="-1" lyricTopline="-1" lyricCentre="-1" />
        <staff y="1754" x1="0" x2="0" lyricBaseline="-1" lyricTopline="-1" lyricCentre="-1" />
        <staff y="1518" x1="0" x2="0" lyricBaseline="-1" lyricTopline="-1" lyricCentre="-1" />
        <staff y="1294" x1="0" x2="0" lyricBaseline="-1" lyricTopline="-1" lyricCentre="-1" />
        <staff y="1086" x1="0" x2="0" lyricBaseline="-1" lyricTopline="-1" lyricCentre="-1" />
        <staff y="858" x1="0" x2="0" lyricBaseline="-1" lyricTopline="-1" lyricCentre="-1" />
        <staff y="630" x1="0" x2="0" lyricBaseline="-1" lyricTopline="-1" lyricCentre="-1" />
        <staff y="398" x1="0" x2="0" lyricBaseline="-1" lyricTopline="-1" lyricCentre="-1" />
        <staff y="170" x1="0" x2="0" lyricBaseline="-1" lyricTopline="-1" lyricCentre="-1" />
    </impage>
    <binarization pre_image_binarization_method="2" pre_page_binarization_method="0" pre_page_binarization_method_size="15" />
</file>
