<file version_major="1" version_minor="6" version_revision="2" type_id="0" env_type_id="0">
    <infos modified="Fri Feb 25 18:57:47 2011" user="Andrew Hankinson" os="Mac OS X (Darwin 10.6.0 i386)" type="Aruspix file" environment="Rec" />
    <impage original_width="1844" original_height="3000" rotated_width="1851" rotated_height="3005" x1="130" skew="0.125000" resized="1.020408" x2="1532" y1="50" width="1402" height="2394" line_width="4" space_width="26" staff_height="0" num_staff_lines="4">
        <staff y="2194" x1="0" x2="0" lyricBaseline="-1" lyricTopline="-1" lyricCentre="-1" />
        <staff y="1954" x1="0" x2="0" lyricBaseline="-1" lyricTopline="-1" lyricCentre="-1" />
        <staff y="1722" x1="0" x2="0" lyricBaseline="-1" lyricTopline="-1" lyricCentre="-1" />
        <staff y="1490" x1="0" x2="0" lyricBaseline="-1" lyricTopline="-1" lyricCentre="-1" />
        <staff y="1254" x1="0" x2="0" lyricBaseline="-1" lyricTopline="-1" lyricCentre="-1" />
        <staff y="1022" x1="0" x2="0" lyricBaseline="-1" lyricTopline="-1" lyricCentre="-1" />
        <staff y="598" x1="0" x2="0" lyricBaseline="-1" lyricTopline="-1" lyricCentre="-1" />
        <staff y="382" x1="0" x2="0" lyricBaseline="-1" lyricTopline="-1" lyricCentre="-1" />
        <staff y="170" x1="0" x2="0" lyricBaseline="-1" lyricTopline="-1" lyricCentre="-1" />
    </impage>
    <binarization pre_image_binarization_method="2" pre_page_binarization_method="0" pre_page_binarization_method_size="15" />
</file>
